[{"id":"-1","name":"-1","setCode":"suma o muere","properties":{},"isBackFaceCard":false,"backFaceId":""},{"id":"-2","name":"-2","setCode":"suma o muere","properties":{},"isBackFaceCard":false,"backFaceId":""},{"id":"-3","name":"-3","setCode":"suma o muere","properties":{},"isBackFaceCard":false,"backFaceId":""},{"id":"Anular","name":"Anular","setCode":"suma o muere","properties":{},"isBackFaceCard":false,"backFaceId":""},{"id":"Bloqueo","name":"Bloqueo","setCode":"suma o muere","properties":{},"isBackFaceCard":false,"backFaceId":""},{"id":"Cambio_de_signo_","name":"Cambio_de_signo_","setCode":"suma o muere","properties":{},"isBackFaceCard":false,"backFaceId":""},{"id":"Descartar","name":"Descartar","setCode":"suma o muere","properties":{},"isBackFaceCard":false,"backFaceId":""},{"id":"Doble_turno_","name":"Doble_turno_","setCode":"suma o muere","properties":{},"isBackFaceCard":false,"backFaceId":""},{"id":"Intercambio_de_puntos_","name":"Intercambio_de_puntos_","setCode":"suma o muere","properties":{},"isBackFaceCard":false,"backFaceId":""},{"id":"Protección","name":"Protección","setCode":"suma o muere","properties":{},"isBackFaceCard":false,"backFaceId":""},{"id":"Reinicio_parcial_","name":"Reinicio_parcial_","setCode":"suma o muere","properties":{},"isBackFaceCard":false,"backFaceId":""},{"id":"Robar_puntos_","name":"Robar_puntos_","setCode":"suma o muere","properties":{},"isBackFaceCard":false,"backFaceId":""},{"id":"x2","name":"x2","setCode":"suma o muere","properties":{},"isBackFaceCard":false,"backFaceId":""},{"id":"x3","name":"x3","setCode":"suma o muere","properties":{},"isBackFaceCard":false,"backFaceId":""},{"id":"÷2","name":"÷2","setCode":"suma o muere","properties":{},"isBackFaceCard":false,"backFaceId":""},{"id":"÷3","name":"÷3","setCode":"suma o muere","properties":{},"isBackFaceCard":false,"backFaceId":""},{"id":"m3","name":"+3","setCode":"suma o muere","properties":{"5":{"def":{"name":"5","type":"string","display":"5","displayEmpty":"","displayEmptyFirst":false,"delimiter":"","backName":"","frontName":"","properties":[]},"value":""}},"isBackFaceCard":false,"backFaceId":""},{"id":"m2","name":"+2","setCode":"suma o muere","properties":{"5":{"def":{"name":"5","type":"string","display":"5","displayEmpty":"","displayEmptyFirst":false,"delimiter":"","backName":"","frontName":"","properties":[]},"value":""}},"isBackFaceCard":false,"backFaceId":""},{"id":"m1","name":"+1","setCode":"suma o muere","properties":{"5":{"def":{"name":"5","type":"string","display":"5","displayEmpty":"","displayEmptyFirst":false,"delimiter":"","backName":"","frontName":"","properties":[]},"value":""}},"isBackFaceCard":false,"backFaceId":""}]