{
    "name": "Suma o muere",
    "allCardsUrl": null,
    "allCardsUrlPageCount": 1,
    "allCardsUrlPageCountIdentifier": "",
    "allCardsUrlPageCountDivisor": 1,
    "allCardsUrlPageCountStartIndex": 1,
    "allCardsUrlPageIdentifier": "?page=",
    "allCardsUrlPostBodyContent": "",
    "allCardsUrlRequestHeader": "X-Api-Key",
    "allCardsUrlRequestHeaderValue": "",
    "allCardsUrlWrapped": false,
    "allCardsUrlZipped": false,
    "allDecksUrl": null,
    "allDecksUrlDataIdentifier": "",
    "allDecksUrlPostBodyContent": "",
    "allDecksUrlTxtRoot": "",
    "allSetsUrl": null,
    "allSetsUrlWrapped": false,
    "allSetsUrlZipped": false,
    "autoUpdate": -1,
    "autoUpdateUrl": null,
    "bannerImageFileType": "png",
    "bannerImageUrl": null,
    "cardBackFaceImageUrls": [],
    "cardBackImageFileType": "png",
    "cardBackImageUrl": null,
    "cardDataIdentifier": "",
    "cardIdIdentifier": "id",
    "cardIdStop": "",
    "cardImageFileType": "png",
    "cardImageProperty": "",
    "cardImageUrl": "",
    "cardNameBackIdentifier": "",
    "cardNameIdentifier": "name",
    "cardNameIsUnique": true,
    "cardPrimaryProperty": "5",
    "cardProperties": [
        {
            "name": "5",
            "type": "string",
            "display": "5",
            "displayEmpty": "",
            "displayEmptyFirst": false,
            "delimiter": "",
            "backName": "",
            "frontName": "",
            "properties": []
        }
    ],
    "cardPropertyIdentifier": "id",
    "cardRotationDefault": 0,
    "cardRotationIdentifier": "",
    "cardSetIdentifier": "setCode",
    "cardSetIsObject": false,
    "cardSetNameIdentifier": "setname",
    "cardSetsInList": false,
    "cardSetsInListIsCsv": false,
    "cardSize": {
        "x": 2.5,
        "y": 3.5
    },
    "cgsGamesLink": null,
    "copyright": "Atoky",
    "deckFileAltId": "dbfId",
    "deckFileTxtId": "set",
    "deckFileType": "txt",
    "deckPlayCards": [],
    "deckSharePreference": "share",
    "deckUrls": [],
    "enums": [],
    "extras": [],
    "gameBoardImageFileType": "png",
    "gameBoardCards": [],
    "gameBoardUrls": [],
    "gameCardRotationDegrees": 90,
    "gameDefaultCardAction": "flip",
    "gamePlayDeckName": "",
    "gamePlayDeckPositions": [],
    "gamePlayZones": [],
    "gameStartDecks": [],
    "gameStartHandCount": 5,
    "gameStartPointsCount": 0,
    "playMatImageFileType": "png",
    "playMatImageUrl": null,
    "playMatSize": {
        "x": 36.0,
        "y": 36.0
    },
    "playMatGridCellSize": {
        "x": 0.5,
        "y": 0.5
    },
    "rulesUrl": null,
    "setCardsIdentifier": "cards",
    "setCardsUrlIdentifier": "cardsUrl",
    "setCodeDefault": "_CGSDEFAULT_",
    "setCodeIdentifier": "code",
    "setDataIdentifier": "",
    "setNameDefault": "_CGSDEFAULT_",
    "setNameIdentifier": "name"
}